{"Mean":{"confidence_interval":{"confidence_level":0.95,"lower_bound":0.03616706603104185,"upper_bound":0.08060392272645377},"point_estimate":0.05653584454626204,"standard_error":0.011154552401403959},"Median":{"confidence_interval":{"confidence_level":0.95,"lower_bound":0.015602622860600768,"upper_bound":0.038531976673968016},"point_estimate":0.022538439675106048,"standard_error":0.0055140643558897065}}