{"Mean":{"confidence_interval":{"confidence_level":0.95,"lower_bound":-0.04426010984909911,"upper_bound":-0.01599090561815076},"point_estimate":-0.029642408053294433,"standard_error":0.00722974712608976},"Median":{"confidence_interval":{"confidence_level":0.95,"lower_bound":-0.007691226824390052,"upper_bound":0.00619826357454162},"point_estimate":0.0011640230166702903,"standard_error":0.0035469821019733856}}