{"Mean":{"confidence_interval":{"confidence_level":0.95,"lower_bound":234347.96777323322,"upper_bound":235902.97782620118},"point_estimate":235077.15189133584,"standard_error":397.5456491687588},"Median":{"confidence_interval":{"confidence_level":0.95,"lower_bound":233168.6155523673,"upper_bound":234306.7035180723},"point_estimate":233820.55508373206,"standard_error":305.825867341149},"MedianAbsDev":{"confidence_interval":{"confidence_level":0.95,"lower_bound":1305.840258414837,"upper_bound":2608.7938959068806},"point_estimate":1886.6223041057615,"standard_error":334.31246443588213},"Slope":{"confidence_interval":{"confidence_level":0.95,"lower_bound":233547.32892710174,"upper_bound":234348.8177568622},"point_estimate":233937.48101669867,"standard_error":205.18584583179063},"StdDev":{"confidence_interval":{"confidence_level":0.95,"lower_bound":2722.626908832704,"upper_bound":5084.7679992605945},"point_estimate":4003.3189295692737,"standard_error":603.2916924393166}}