{"Mean":{"confidence_interval":{"confidence_level":0.95,"lower_bound":251129.55819872863,"upper_bound":262873.5615340162},"point_estimate":256510.61941780147,"standard_error":3008.063430084484},"Median":{"confidence_interval":{"confidence_level":0.95,"lower_bound":243963.02,"upper_bound":249203.97222222222},"point_estimate":245583.65676668708,"standard_error":1210.696282967138},"MedianAbsDev":{"confidence_interval":{"confidence_level":0.95,"lower_bound":2577.5746182411513,"upper_bound":9067.871336346207},"point_estimate":4950.196153226952,"standard_error":1506.7566316592288},"Slope":{"confidence_interval":{"confidence_level":0.95,"lower_bound":250826.58516803515,"upper_bound":262411.43146242376},"point_estimate":256075.6761038865,"standard_error":2964.0761638583044},"StdDev":{"confidence_interval":{"confidence_level":0.95,"lower_bound":17787.786609519826,"upper_bound":40253.491834398286},"point_estimate":30318.853538173465,"standard_error":5725.680273721905}}